source,validity,harness,model,tag,digest,host,task,reward,tests_passed,tests_total,exception_type,input_tokens,output_tokens,agent_seconds,total_seconds,started_utc,trial_name
this check (local Ollama),pilot: top_p not sent (Ollama default 0.95),terminus-2,granite4.2,granite4.2:8b,f586c02fdecdf151b656207c339aa003997345774a41768bac1fd6d2fb85913b,"Apple Silicon Mac, Docker Desktop (x86-64 images under Rosetta)",video-processing,0.0,2,5,AgentTimeoutError,139291,37383,3600.0,3743.7,2026-10-03T15:18:05.599479Z,video-processing__wQYEEte
this check (local Ollama),valid,terminus-2,granite4.2,granite4.2:8b,f586c02fdecdf151b656207c339aa003997345774a41768bac1fd6d2fb85913b,"Apple Silicon Mac, Docker Desktop (x86-64 images under Rosetta)",video-processing,0.0,2,5,AgentTimeoutError,80939,30795,3600.2,3655.2,2026-10-03T16:30:28.799563Z,video-processing__9PKasAP
this check (local Ollama),infrastructure: verifier tests did not run,terminus-2,qwen3,qwen3:8b,500a1f067a9f782620b40bee6f7b0c89e17ae61f686b92c24933e4ca4b2b8b41,"Apple Silicon Mac, Docker Desktop (x86-64 images under Rosetta)",video-processing,0.0,,,,120506,36324,3037.4,3224.1,2026-10-03T17:31:27.585857Z,video-processing__jDUkvpW
this check (local Ollama),infrastructure: failed before any model call,terminus-2,granite4.2,granite4.2:8b,f586c02fdecdf151b656207c339aa003997345774a41768bac1fd6d2fb85913b,"Apple Silicon Mac, Docker Desktop (x86-64 images under Rosetta)",openssl-selfsigned-cert,,,,RuntimeError,,,,46.5,2026-10-03T18:25:14.767197Z,openssl-selfsigned-cert__aGdbUYx
this check (local Ollama),infrastructure: failed before any model call,terminus-2,qwen3,qwen3:8b,500a1f067a9f782620b40bee6f7b0c89e17ae61f686b92c24933e4ca4b2b8b41,"Apple Silicon Mac, Docker Desktop (x86-64 images under Rosetta)",openssl-selfsigned-cert,,,,RuntimeError,,,,46.5,2026-10-03T18:26:03.453186Z,openssl-selfsigned-cert__gDus258
this check (local Ollama),infrastructure: failed before any model call,terminus-2,granite4.2,granite4.2:8b,f586c02fdecdf151b656207c339aa003997345774a41768bac1fd6d2fb85913b,"Apple Silicon Mac, Docker Desktop (x86-64 images under Rosetta)",modernize-scientific-stack,,,,RuntimeError,,,,44.7,2026-10-03T18:26:51.882369Z,modernize-scientific-stack__XfeZiyM
this check (local Ollama),infrastructure: failed before any model call,terminus-2,qwen3,qwen3:8b,500a1f067a9f782620b40bee6f7b0c89e17ae61f686b92c24933e4ca4b2b8b41,"Apple Silicon Mac, Docker Desktop (x86-64 images under Rosetta)",modernize-scientific-stack,,,,RuntimeError,,,,44.3,2026-10-03T18:27:38.386018Z,modernize-scientific-stack__4X3Srfy
this check (local Ollama),valid,terminus-2,granite4.2,granite4.2:8b,f586c02fdecdf151b656207c339aa003997345774a41768bac1fd6d2fb85913b,"Apple Silicon Mac, Docker Desktop (x86-64 images under Rosetta)",constraints-scheduling,0.0,0,3,AgentTimeoutError,1359,483,1200.2,1264.8,2026-10-04T03:03:48.711542Z,constraints-scheduling__KEMPGLh
this check (local Ollama),valid,terminus-2,qwen3,qwen3:8b,500a1f067a9f782620b40bee6f7b0c89e17ae61f686b92c24933e4ca4b2b8b41,"Apple Silicon Mac, Docker Desktop (x86-64 images under Rosetta)",constraints-scheduling,0.0,0,3,AgentTimeoutError,5053,3714,1200.2,1261.9,2026-10-04T03:24:59.028428Z,constraints-scheduling__PD9PVuf
this check (local Ollama),valid,terminus-2,granite4.2,granite4.2:8b,f586c02fdecdf151b656207c339aa003997345774a41768bac1fd6d2fb85913b,"Apple Silicon Mac, Docker Desktop (x86-64 images under Rosetta)",overfull-hbox,0.0,3,4,AgentTimeoutError,10965,6795,750.0,870.1,2026-10-04T03:46:06.632721Z,overfull-hbox__Ct48vPZ
this check (local Ollama),valid,terminus-2,qwen3,qwen3:8b,500a1f067a9f782620b40bee6f7b0c89e17ae61f686b92c24933e4ca4b2b8b41,"Apple Silicon Mac, Docker Desktop (x86-64 images under Rosetta)",overfull-hbox,0.0,3,4,AgentTimeoutError,12335,7299,750.0,863.0,2026-10-04T04:00:41.942414Z,overfull-hbox__epNtZpg
this check (local Ollama),valid,terminus-2,granite4.2,granite4.2:8b,f586c02fdecdf151b656207c339aa003997345774a41768bac1fd6d2fb85913b,"Apple Silicon Mac, Docker Desktop (x86-64 images under Rosetta)",reshard-c4-data,0.0,0,1,AgentTimeoutError,153634,28056,3600.1,3792.8,2026-10-04T04:15:09.959574Z,reshard-c4-data__NfX6Z9z
this check (local Ollama),invalid: Mac slept during trial,terminus-2,qwen3,qwen3:8b,500a1f067a9f782620b40bee6f7b0c89e17ae61f686b92c24933e4ca4b2b8b41,"Apple Silicon Mac, Docker Desktop (x86-64 images under Rosetta)",reshard-c4-data,0.0,0,1,AgentTimeoutError,125628,28113,74840.7,75003.6,2026-10-04T05:18:28.737849Z,reshard-c4-data__X2TDBxn
Stage 2 round C (committed),reference,terminus-2,deepseek-v4-flash-0731,deepseek/deepseek-v4-flash-0731 via deepinfra/fp8,n/a (hosted),native x86-64 Linux server (Netcup),constraints-scheduling,1,,,,8389,6305,136.4,,2026-09-23T07:05:10.621596+00:00,corrected1-final-terminus-2-14-constraints-scheduling
Stage 2 round C (committed),reference,terminus-2,deepseek-v4-flash-0731,deepseek/deepseek-v4-flash-0731 via deepinfra/fp8,n/a (hosted),native x86-64 Linux server (Netcup),overfull-hbox,1,,,,40938,12862,566.2,,2026-09-24T04:57:57.149282+00:00,corrected1-final-terminus-2-55-overfull-hbox
Stage 2 round C (committed),reference,terminus-2,deepseek-v4-flash-0731,deepseek/deepseek-v4-flash-0731 via deepinfra/fp8,n/a (hosted),native x86-64 Linux server (Netcup),reshard-c4-data,1,,,,166865,46612,1448.2,,2026-09-24T15:23:23.900012+00:00,corrected1-final-terminus-2-73-reshard-c4-data
Stage 2 round C (committed),reference,terminus-2,deepseek-v4-flash-0731,deepseek/deepseek-v4-flash-0731 via deepinfra/fp8,n/a (hosted),native x86-64 Linux server (Netcup),video-processing,0,,,,2113774,75229,1398.7,,2026-09-24T23:34:41.967138+00:00,corrected1-final-terminus-2-85-video-processing
