audit_no,ledger,ledger_request_id,generation_id,trial_id,trial_call_index,trial_call_count,category,title,purpose,purpose_basis,source_host,host_basis,charged_usd,ledger_state,unresolved_reservation_usd,utc_timestamp,timestamp_basis,input_tokens,output_tokens,token_basis,receipt_status,provider_request_id,outcome,source_filenames,source_sha256
1,setup,c2acaefb-83c7-416d-a4ce-f145741a84d0,gen-1789527209-4IkGybBjNOGTAnqzdgwh,compatibility-plain-v1,1,1,Connectivity,First model connection,Confirm the gateway can obtain a simple model reply.,project documentation,Mac,README.md historical Mac execution journal,0.00000156,settled,,2026-09-16T02:53:29.264Z,provider receipt creation time,14,4,"provider-native tokens, including reasoning in output",Receipt matched to generation ID and exact ledger charge,req-1789527209-CIqKwnP5YC2psq54VxNt,Charged and settled; diagnostic or fixture only,compatibility-plain-v1.receipt.json,fff92ea0eb86eab1215e9e31c43b32b667bc36e6a7800e659da3081ea3bc852e
2,setup,0cda5c97-9218-425c-b934-8d879cd414af,gen-1789527978-dcXQ48AiF4WStPVKSpWK,compatibility-tools-v1,1,1,Tool checking,Structured tool-call check,Check structured tool output; no tool side effects were executed.,project documentation,Mac,README.md historical Mac execution journal,0.00003084,settled,,2026-09-16T03:06:18.954Z,provider receipt creation time,319,65,"provider-native tokens, including reasoning in output",Receipt matched to generation ID and exact ledger charge,req-1789527978-FJonLgeIT2z9OkmhvW2Y,Charged and settled; diagnostic or fixture only,compatibility-tools-v1.audit-receipt-20260920.json,c30ac47b23f9a84734c0dbda3ec3d12962ae5d4e93a07441fc0d0ad55628d7bb
3,setup,2794d6e7-64bf-400f-93b5-44df5b70e0db,gen-1789532202-xCMMXO2wvPnxbleaYKS0,harbor-http-live-v1,1,1,Connectivity,Harbor client connection,Check the Harbor client reaches the real model through the gateway.,project documentation,Mac,README.md historical Mac execution journal,0.00000156,settled,,2026-09-16T04:16:42.485Z,provider receipt creation time,14,4,"provider-native tokens, including reasoning in output",Receipt matched to generation ID and exact ledger charge,req-1789532202-TeM17ECP1xPLAQTu21fx,Charged and settled; diagnostic or fixture only,harbor-http-live-v1.receipt.json,43ba891ef3be7a59ba0040432b0744d7cfbd8df4e6f4a427d68484ff14ba3af3
4,setup,eac16b5e-696e-4f9b-a63a-40825dfbe788,gen-1789532875-AUausnyZnPJz4lmYZRTn,uts-terminus-fixture-1cf9adb9e0,1,3,Harness fixtures,Terminus-2 integration fixture,Check the real agent can use its terminal and complete a controlled fixture. Call 1 of 3.,project documentation and named fixture result,Mac,README.md historical Mac execution journal,0.00007152,settled,,2026-09-16T04:27:55.798Z,provider receipt creation time,718,158,"provider-native tokens, including reasoning in output",Receipt matched to generation ID and exact ledger charge,req-1789532875-DnqIdeELE2AyosjTxu5A,Charged and settled; diagnostic or fixture only,receipt-1.json,78420c3250992e71d70e472d47aad1e18a1ca51ac500f59be0ce1f9b91bbb35f
5,setup,9f5cb73a-7b7e-4acc-bbc0-a2bb8e66521f,gen-1789532888-lXwnqvdH5N5ImY8LOBuh,uts-terminus-fixture-1cf9adb9e0,2,3,Harness fixtures,Terminus-2 integration fixture,Check the real agent can use its terminal and complete a controlled fixture. Call 2 of 3.,project documentation and named fixture result,Mac,README.md historical Mac execution journal,0.00004632,settled,,2026-09-16T04:28:08.632Z,provider receipt creation time,955,67,"provider-native tokens, including reasoning in output",Receipt matched to generation ID and exact ledger charge,req-1789532888-L18aCD89QeCkkOtfaZrC,Charged and settled; diagnostic or fixture only,receipt-2.json,4c5e694be703f43dcd494a43aea10f98eec688f8ec1845f16622e0c9c03e7796
6,setup,690773a3-3a67-489d-b0a7-a9ada7287900,gen-1789532897-EYKdOQeqKw0Th3S9gXWI,uts-terminus-fixture-1cf9adb9e0,3,3,Harness fixtures,Terminus-2 integration fixture,Check the real agent can use its terminal and complete a controlled fixture. Call 3 of 3.,project documentation and named fixture result,Mac,README.md historical Mac execution journal,0.00004416,settled,,2026-09-16T04:28:17.126Z,provider receipt creation time,1102,70,"provider-native tokens, including reasoning in output",Receipt matched to generation ID and exact ledger charge,req-1789532897-GN2Ov4GadSX7SRUdecN4,Charged and settled; diagnostic or fixture only,receipt-3.json,186d07629ca729fa10590aa2af030ef8c1146acef114c0bd3960860ad232dbd3
7,setup,be4babfa-f307-4726-93eb-b9252cbcecd3,gen-1789536991-FI3K6ga76FJrr2p1ZAPD,token-calibration-unicode-history-v1,1,1,Setup / token calibration,Unicode history,Compare local token counting with actual billed input for this request shape.,project documentation,Mac,README.md historical Mac execution journal,0.00000336,settled,,2026-09-16T05:36:31.095Z,provider receipt creation time,50,2,"provider-native tokens, including reasoning in output",Receipt matched to generation ID and exact ledger charge,req-1789536991-LIveuNHYzYTTPvyIWsV1,Charged and settled; diagnostic or fixture only,token-calibration-unicode-history-v1.receipt.json,436aae68048f93646d566b9149dde8005c6b6c3b32836b8a00b4879a2ef6266a
8,setup,cce03f75-f043-4f37-b73e-bc13ffe4045c,gen-1789537000-rck8zttETSvesJs1Z0gR,token-calibration-openhands-tool-history-chat-v1,1,1,Setup / token calibration,Tool history: chat,Compare local token counting with actual billed input for this request shape.,project documentation,Mac,README.md historical Mac execution journal,0.00041172,settled,,2026-09-16T05:36:40.869Z,provider receipt creation time,6703,53,"provider-native tokens, including reasoning in output",Receipt matched to generation ID and exact ledger charge,req-1789537000-YFFWG28GFCEs3nQIW5J8,Charged and settled; diagnostic or fixture only,token-calibration-openhands-tool-history-chat-v1.receipt.json,e917e1401d282d53e61d07d6f476a4dfcac356a43013fa0d8b5bdfe7918e0d09
9,setup,674d44f4-0229-49a0-81bd-96a69b21b3eb,gen-1789537012-W28bmGeP5cXX5x3v8hFf,token-calibration-openhands-tool-history-default-v1,1,1,Setup / token calibration,Tool history: default,Compare local token counting with actual billed input for this request shape.,project documentation,Mac,README.md historical Mac execution journal,0.00041844,settled,,2026-09-16T05:36:52.185Z,provider receipt creation time,6782,64,"provider-native tokens, including reasoning in output",Receipt matched to generation ID and exact ledger charge,req-1789537012-UopOaDIjsPOnyXG2Yt7v,Charged and settled; diagnostic or fixture only,token-calibration-openhands-tool-history-default-v1.receipt.json,88756b601d56703688acb1e155304c580bf414c40f96051ae22f08f916444298
10,setup,f8b06985-3623-4215-905e-79c44a954780,gen-1789547234-GQytcYnGi6EMqJFNeleG,setup-native-terminus-2-v1,1,2,Harness fixtures,Terminus-2 integration fixture,Check real model and tool integration before scored benchmark execution. Call 1 of 2.,project documentation and named fixture result,Mac,README.md historical Mac execution journal,0.0003366,settled,,2026-09-16T08:27:14.839Z,provider receipt creation time,810,1600,"provider-native tokens, including reasoning in output",Receipt matched to generation ID and exact ledger charge,req-1789547234-4tCMXeMEC3RPmzdxNfH8,Charged and settled; diagnostic or fixture only,000001.receipt.json,e52212719464670b200387709c02fcbe9e79af5b1f06c9c9b5bfeb4132d21702
11,setup,a3071812-76b2-463e-965d-e319f7c0d28b,gen-1789547288-luERwxFl9dDKFYglzCFM,setup-native-terminus-2-v1,2,2,Harness fixtures,Terminus-2 integration fixture,Check real model and tool integration before scored benchmark execution. Call 2 of 2.,project documentation and named fixture result,Mac,README.md historical Mac execution journal,0.00007584,settled,,2026-09-16T08:28:08.336Z,provider receipt creation time,1135,171,"provider-native tokens, including reasoning in output",Receipt matched to generation ID and exact ledger charge,req-1789547288-PU8X71kESmYXZIIOXGtl,Charged and settled; diagnostic or fixture only,000002.receipt.json,a3158c3014a9b3f148cb28b1f7596eebb792e1c0ac1dc7c54c5bf18928f51e5e
12,setup,4c286192-7c17-43c6-8a26-f2b83d8da84f,gen-1789547377-yHTpoqRXMEYA9bg3pAlv,setup-native-openhands-v1,1,2,Harness fixtures,OpenHands integration fixture,Check real model and tool integration before scored benchmark execution. Call 1 of 2.,project documentation and named fixture result,Mac,README.md historical Mac execution journal,0.00042414,settled,,2026-09-16T08:29:37.417Z,provider receipt creation time,6679,130,"provider-native tokens, including reasoning in output",Receipt matched to generation ID and exact ledger charge,req-1789547377-0W7PUmvwYwM0S2Muak2f,Charged and settled; diagnostic or fixture only,000001.receipt.json,d4bf1d801a5d072725beac6cef46a2cb019c55d211a06fc3615ea7e8c8ac518c
13,setup,ad819b80-bc58-4999-ac58-a2a333a4aa6b,gen-1789547395-t7MFgiwQAVb4a8izhbKT,setup-native-openhands-v1,2,2,Harness fixtures,OpenHands integration fixture,Check real model and tool integration before scored benchmark execution. Call 2 of 2.,project documentation and named fixture result,Mac,README.md historical Mac execution journal,0.00043254,settled,,2026-09-16T08:29:55.701Z,provider receipt creation time,6834,125,"provider-native tokens, including reasoning in output",Receipt matched to generation ID and exact ledger charge,req-1789547395-eW78ETDIfFImW2XcvN3V,Charged and settled; diagnostic or fixture only,000002.receipt.json,64ca58f8bc6b4e3240f568764096277256f3dcec27ee9e3d41c03a31779c96bf
14,setup,6cc60a16-6c5c-45b2-83d6-4c855ee9664f,gen-1789547452-oscOVBH5YYpF1LpqigQx,setup-native-custom-v1,1,3,Harness fixtures,Custom agent integration fixture,Check real model and tool integration before scored benchmark execution. Call 1 of 3.,project documentation and named fixture result,Mac,README.md historical Mac execution journal,0.00020598,settled,,2026-09-16T08:30:52.193Z,provider receipt creation time,3184,147,"provider-native tokens, including reasoning in output",Receipt matched to generation ID and exact ledger charge,req-1789547452-bMjdxkyzetEMZAtYbwTc,Charged and settled; diagnostic or fixture only,000001.receipt.json,c0dcf6bcf5760e504c57dfc9b93cd67b0c179e08b85ec8fa68dd3047a4d34498
15,setup,edc54396-7f83-443d-9cec-bcbe00995465,gen-1789547466-ps1qepCqSxidO7kuFKVq,setup-native-custom-v1,2,3,Harness fixtures,Custom agent integration fixture,Check real model and tool integration before scored benchmark execution. Call 2 of 3.,project documentation and named fixture result,Mac,README.md historical Mac execution journal,0.00019914,settled,,2026-09-16T08:31:06.981Z,provider receipt creation time,3289,74,"provider-native tokens, including reasoning in output",Receipt matched to generation ID and exact ledger charge,req-1789547466-UKU0VbxR6fKNfx4FlVW8,Charged and settled; diagnostic or fixture only,000002.receipt.json,a94c9a6971fb661f660b8d0b41c7067b30cd10f4884431447086c962508bf123
16,setup,2c78515a-5bca-40d3-b590-b7dafd2418b0,gen-1789547486-9034b1KwD1om6va8wFoD,setup-native-custom-v1,3,3,Harness fixtures,Custom agent integration fixture,Check real model and tool integration before scored benchmark execution. Call 3 of 3.,project documentation and named fixture result,Mac,README.md historical Mac execution journal,0.0000924,settled,,2026-09-16T08:31:26.895Z,provider receipt creation time,3379,155,"provider-native tokens, including reasoning in output",Receipt matched to generation ID and exact ledger charge,req-1789547486-jSgWikYk7VytAckzuhxC,Charged and settled; diagnostic or fixture only,000003.receipt.json,68dd0f99cad87a0f42f9879fa32a7950052bd1025cad194e8db9e273d8e1de96
17,setup,7c3d0f55-5e26-4578-8ae3-3abe38945053,gen-1789548060-6NXDB4TyfwV7MU4Wi2gx,setup-native-terminus-2-pinnedv2,1,2,Harness fixtures,Terminus-2 integration fixture,Recheck agent and tool integration with the pinned runtime images. Call 1 of 2.,project documentation and named fixture result,Mac,README.md historical Mac execution journal,0.00013128,settled,,2026-09-16T08:41:00.017Z,provider receipt creation time,811,587,"provider-native tokens, including reasoning in output",Receipt matched to generation ID and exact ledger charge,req-1789548060-U21ug9E6Nr9gfVeYBXpd,Charged and settled; diagnostic or fixture only,000001.receipt.json,d75a6d5711ec390b2806377b886172997dabc792c2072af5cc368cad27034e23
18,setup,7165d04b-6d8a-491a-9aaf-aebbc189c1df,gen-1789548085-7NC1R4BAEqWDxPNqco6u,setup-native-terminus-2-pinnedv2,2,2,Harness fixtures,Terminus-2 integration fixture,Recheck agent and tool integration with the pinned runtime images. Call 2 of 2.,project documentation and named fixture result,Mac,README.md historical Mac execution journal,0.00008412,settled,,2026-09-16T08:41:25.324Z,provider receipt creation time,1114,96,"provider-native tokens, including reasoning in output",Receipt matched to generation ID and exact ledger charge,req-1789548085-GZr36OXsEwaNFrx9G8FX,Charged and settled; diagnostic or fixture only,000002.receipt.json,affa53b84fe366b39dfe351049f6604e7c7573e7bf7f596235e1f9ab9a0c7336
19,setup,2652fab0-d4b4-43bf-ac2d-a3d5f654148b,gen-1789548175-je8xpnBTUjbMnOd67mJY,setup-native-openhands-pinnedv2,1,3,Harness fixtures,OpenHands integration fixture,Recheck agent and tool integration with the pinned runtime images. Call 1 of 3.,project documentation and named fixture result,Mac,README.md historical Mac execution journal,0.00042378,settled,,2026-09-16T08:42:55.849Z,provider receipt creation time,6679,128,"provider-native tokens, including reasoning in output",Receipt matched to generation ID and exact ledger charge,req-1789548175-XjSpB68PaIlLnIX9ggzE,Charged and settled; diagnostic or fixture only,000001.receipt.json,1105379e4b94b2a46d455f3082bbab2a68bd3c8b21e854503db61a9c7d0993c1
20,setup,9757423f-db57-4d38-a716-1859029961a4,gen-1789548189-MpxDaKtFvb0X4Ut2pWvr,setup-native-openhands-pinnedv2,2,3,Harness fixtures,OpenHands integration fixture,Recheck agent and tool integration with the pinned runtime images. Call 2 of 3.,project documentation and named fixture result,Mac,README.md historical Mac execution journal,0.00041964,settled,,2026-09-16T08:43:09.359Z,provider receipt creation time,6832,54,"provider-native tokens, including reasoning in output",Receipt matched to generation ID and exact ledger charge,req-1789548189-tVfLBylQx8CMKOqkx1ho,Charged and settled; diagnostic or fixture only,000002.receipt.json,22e99c16f274d4d1b129d9e39352eed33172609c476a023f76dd796b99bc4fa8
21,setup,16a4d389-e171-42be-b596-26f56e40120a,gen-1789548202-f72WRfMBSF94WwZYk4gb,setup-native-openhands-pinnedv2,3,3,Harness fixtures,OpenHands integration fixture,Recheck agent and tool integration with the pinned runtime images. Call 3 of 3.,project documentation and named fixture result,Mac,README.md historical Mac execution journal,0.00043206,settled,,2026-09-16T08:43:22.008Z,provider receipt creation time,6904,99,"provider-native tokens, including reasoning in output",Receipt matched to generation ID and exact ledger charge,req-1789548202-RDpmUJQ8qy1yyyDWQvwA,Charged and settled; diagnostic or fixture only,000003.receipt.json,2f94bffc3b94945578cf5e871dd0b2c2bdd1f60dd88343496eae7ca4ce0565c5
22,setup,67ebcafa-7515-4593-a3e3-25de37badd72,gen-1789548256-6w0zjmSx1Hw2u2odFmpo,setup-native-custom-pinnedv2,1,3,Harness fixtures,Custom agent integration fixture,Recheck agent and tool integration with the pinned runtime images. Call 1 of 3.,project documentation and named fixture result,Mac,README.md historical Mac execution journal,0.00019086,settled,,2026-09-16T08:44:16.348Z,provider receipt creation time,3106,89,"provider-native tokens, including reasoning in output",Receipt matched to generation ID and exact ledger charge,req-1789548256-IRTPGw3hk1S1tuEOSDnG,Charged and settled; diagnostic or fixture only,000001.receipt.json,7ee4e9de90ec9ad2c5b76dfe691c9d02ee695001d0e1ea27a92f2037bad24084
23,setup,925a8fcb-e376-470e-b4e1-06c10996eac7,gen-1789548269-20i68qroTkZVWsn168dt,setup-native-custom-pinnedv2,2,3,Harness fixtures,Custom agent integration fixture,Recheck agent and tool integration with the pinned runtime images. Call 2 of 3.,project documentation and named fixture result,Mac,README.md historical Mac execution journal,0.00007392,settled,,2026-09-16T08:44:29.84Z,provider receipt creation time,3188,52,"provider-native tokens, including reasoning in output",Receipt matched to generation ID and exact ledger charge,req-1789548269-Kn8cWpyH0Gq9Qxoibdzf,Charged and settled; diagnostic or fixture only,000002.receipt.json,1a252bddc867ff1b9dcb1ed3063aee103c0051a008e3fe77ea562448c1363078
24,setup,7e831cde-1ea3-4219-b254-e900e589ae20,gen-1789548281-ZMEiQqiwfuJcySom3efb,setup-native-custom-pinnedv2,3,3,Harness fixtures,Custom agent integration fixture,Recheck agent and tool integration with the pinned runtime images. Call 3 of 3.,project documentation and named fixture result,Mac,README.md historical Mac execution journal,0.0000783,settled,,2026-09-16T08:44:41.66Z,provider receipt creation time,3270,113,"provider-native tokens, including reasoning in output",Receipt matched to generation ID and exact ledger charge,req-1789548281-UgSYfumOzh0MamFlU1jX,Charged and settled; diagnostic or fixture only,000003.receipt.json,e7cdcdb1e99565d21f086c93ae0dadfb1a07673b6d62f40d08be35a0bf52a310
25,setup,1a8954f6-9d45-4f49-ade9-43dad45e0975,gen-1789822012-DAqUhUKl0NC7CPIgZs2q,setup-native-terminus-2-netcupv1,1,1,Harness fixtures,Terminus-2 integration fixture,Check real model and tool integration before scored benchmark execution. Call 1 of 1.,project documentation and named fixture result,Netcup native Linux,NETCUP.md migration and native runtime records,0.00007722,settled,,2026-09-19T12:46:52.87Z,provider receipt creation time,732,313,"provider-native tokens, including reasoning in output",Receipt matched to generation ID and exact ledger charge,req-1789822012-0ZtD0A10mwTrxSCePOwm,Charged; fixture stopped on delayed receipt; billing recovered,000001.receipt.json,7a9063741625ed38df47cca5985268332eec4a661ee54c80470ca0f0b7760c98
26,setup,a3bade41-8028-4902-9034-e3d52e7446ca,gen-1789822383-ZwLD3XjJZL0jSTZ0Jfzb,setup-native-terminus-2-netcupv2,1,1,Harness fixtures,Terminus-2 integration fixture,Check real model and tool integration before scored benchmark execution. Call 1 of 1.,project documentation and named fixture result,Netcup native Linux,NETCUP.md migration and native runtime records,0.0001194,settled,,2026-09-19T12:53:03.431Z,provider receipt creation time,730,420,"provider-native tokens, including reasoning in output",Receipt matched to generation ID and exact ledger charge,req-1789822383-0UFLpFOmvvkdlNQCQ1Pw,Charged; fixture stopped on delayed receipt; billing recovered,000001.receipt.json,88442a86f7dc7e5601f14e29c65e8c3e6555c11162b8172fafbc295352db1dfa
27,setup,a1166c6d-3cbb-4e69-b7a6-0700c220b7cc,gen-1789823649-pddjRRkzDIiCa0qfKyG0,setup-native-receiptlatency-netcupv1,1,1,Connectivity,Receipt timing diagnostic,Investigate delayed availability of billing receipts.,inferred from trial identity and diagnostic records,Netcup native Linux,NETCUP.md migration and native runtime records,0.00000444,settled,,2026-09-19T13:14:09.948Z,provider receipt creation time,11,21,"provider-native tokens, including reasoning in output",Receipt matched to generation ID and exact ledger charge,req-1789823649-HzLcctYk6g9IAF6ab2dT,Charged; delayed receipt recovered without another generation,000001.receipt.json,bcb992ae58861855b781bfdb15bf68b748a2c7a53b4992cf89bb3b8f9ec91e08
28,setup,5108ce86-f875-46f8-984a-2f2899ce9094,gen-1789824557-EwWN3JrN7rzJmoSgUuj7,setup-native-terminus-2-netcupv4,1,3,Harness fixtures,Terminus-2 integration fixture,Qualify model and tool integration with the revised receipt policy. Call 1 of 3.,project documentation and named fixture result,Netcup native Linux,NETCUP.md migration and native runtime records,0.0000801,settled,,2026-09-19T13:29:17.177Z,provider receipt creation time,732,201,"provider-native tokens, including reasoning in output",Receipt matched to generation ID and exact ledger charge,req-1789824557-nHSRGlNEnVHKIYju6Jrj,Charged and settled; diagnostic or fixture only,000001.receipt.json,d07d78e6c67f9f5e92f94e808327d196d9fce2bdecc5005a7c395a36dac1e8e5
29,setup,2e1d284c-e027-447b-8151-ed47b995b7a4,gen-1789824564-kMHFTgFAushs7c5Y3jfn,setup-native-terminus-2-netcupv4,2,3,Harness fixtures,Terminus-2 integration fixture,Qualify model and tool integration with the revised receipt policy. Call 2 of 3.,project documentation and named fixture result,Netcup native Linux,NETCUP.md migration and native runtime records,0.00005094,settled,,2026-09-19T13:29:24.355Z,provider receipt creation time,969,88,"provider-native tokens, including reasoning in output",Receipt matched to generation ID and exact ledger charge,req-1789824564-OZ9f8eGeevoQSD32ofYq,Charged and settled; diagnostic or fixture only,000002.receipt.json,4030334c94edc0ca21d4ec4cee6844627f390e67010959e1bc16fa679767d5c1
30,setup,bf8da424-1873-4366-8906-c52d764ed9d9,gen-1789824569-larQPQCEAgjdFyxQ7Lio,setup-native-terminus-2-netcupv4,3,3,Harness fixtures,Terminus-2 integration fixture,Qualify model and tool integration with the revised receipt policy. Call 3 of 3.,project documentation and named fixture result,Netcup native Linux,NETCUP.md migration and native runtime records,0.00004644,settled,,2026-09-19T13:29:29.881Z,provider receipt creation time,1107,81,"provider-native tokens, including reasoning in output",Receipt matched to generation ID and exact ledger charge,req-1789824569-Ok6X0T7ciFaSelJgo8om,Charged and settled; diagnostic or fixture only,000003.receipt.json,a43dec195e843bb52568f42ef244d9abb3cdd73efe4c3702efb4fc77c01348b3
31,setup,213501b6-18e5-43bd-960b-3fda5407c48b,gen-1789824793-oJ7v1ukFgxWJbnfHAMaA,setup-native-openhands-netcupv4,1,3,Harness fixtures,OpenHands integration fixture,Qualify model and tool integration with the revised receipt policy. Call 1 of 3.,project documentation and named fixture result,Netcup native Linux,NETCUP.md migration and native runtime records,0.00042288,settled,,2026-09-19T13:33:13.579Z,provider receipt creation time,6679,123,"provider-native tokens, including reasoning in output",Receipt matched to generation ID and exact ledger charge,req-1789824793-PDTaZ0JMTeCs3bangB0J,Charged and settled; diagnostic or fixture only,000001.receipt.json,cf14b4fb2e1254fd37850183ecf618e02db0bd33307da1669b6f6e8eb614a546
32,setup,5407e8b2-29a1-4719-8786-7bb77009d4f3,gen-1789824796-y1Hk3BD4SEdLGifDavZw,setup-native-openhands-netcupv4,2,3,Harness fixtures,OpenHands integration fixture,Qualify model and tool integration with the revised receipt policy. Call 2 of 3.,project documentation and named fixture result,Netcup native Linux,NETCUP.md migration and native runtime records,0.00041532,settled,,2026-09-19T13:33:16.788Z,provider receipt creation time,6832,30,"provider-native tokens, including reasoning in output",Receipt matched to generation ID and exact ledger charge,req-1789824796-I0niIbmkScRMkZbLJ7pZ,Charged and settled; diagnostic or fixture only,000002.receipt.json,835ddaa7ea7d6fbb093c49b9dd774a402f08892a87c224ba1d0eb65f6304c1ac
33,setup,a2d602a0-6af5-40a6-9daf-1c7fc3671b2f,gen-1789824798-sRBlFYZyCR4nLleyMatq,setup-native-openhands-netcupv4,3,3,Harness fixtures,OpenHands integration fixture,Qualify model and tool integration with the revised receipt policy. Call 3 of 3.,project documentation and named fixture result,Netcup native Linux,NETCUP.md migration and native runtime records,0.0001554,settled,,2026-09-19T13:33:18.839Z,provider receipt creation time,6904,162,"provider-native tokens, including reasoning in output",Receipt matched to generation ID and exact ledger charge,req-1789824798-Rj5J8jFoJ45wnqDKES4H,Charged and settled; diagnostic or fixture only,000003.receipt.json,ab317693cff067163d9fbc0135d276ed10fc0c7a2597c48b2de9c524f30a954b
34,setup,b4eb643b-7792-4f12-925a-8ebf847eeac7,gen-1789824855-n1hUWGGfTmyBbGrSFNQx,setup-native-custom-netcupv4,1,2,Harness fixtures,Custom agent integration fixture,Qualify model and tool integration with the revised receipt policy. Call 1 of 2.,project documentation and named fixture result,Netcup native Linux,NETCUP.md migration and native runtime records,0.0002049,settled,,2026-09-19T13:34:15.705Z,provider receipt creation time,3106,103,"provider-native tokens, including reasoning in output",Receipt matched to generation ID and exact ledger charge,req-1789824855-IjArHhz3sQXMjyA8EHDT,Charged and settled; diagnostic or fixture only,000001.receipt.json,8273872050d2a5c2492694d4ab78785ee27868de43b389280b3de23cb3caa5a9
35,setup,89f4c041-8ba3-424e-a8db-b93135919e5f,gen-1789824859-X45EF2pNn07DexJemvKz,setup-native-custom-netcupv4,2,2,Harness fixtures,Custom agent integration fixture,Qualify model and tool integration with the revised receipt policy. Call 2 of 2.,project documentation and named fixture result,Netcup native Linux,NETCUP.md migration and native runtime records,0.00008526,settled,,2026-09-19T13:34:19.935Z,provider receipt creation time,3206,109,"provider-native tokens, including reasoning in output",Receipt matched to generation ID and exact ledger charge,req-1789824859-6v0xWLchHdLoTEnFBIPM,Charged and settled; diagnostic or fixture only,000002.receipt.json,8adca4463ff90bbe1499b3e925a193e5351fc82af4002e5ca089ae659f698422
36,setup,23e8dcaf-feb2-4d4e-8d8a-70a968f61c62,gen-1789828279-q25c8ofPJdWRjSjV21Bb,setup-native-terminus-2-netcupv5,1,3,Harness fixtures,Terminus-2 integration fixture,Requalify model and tool integration after the Debian package-source repair. Call 1 of 3.,project documentation and named fixture result,Netcup native Linux,NETCUP.md migration and native runtime records,0.0001233,settled,,2026-09-19T14:31:19.02Z,provider receipt creation time,732,569,"provider-native tokens, including reasoning in output",Receipt matched to generation ID and exact ledger charge,req-1789828279-G9iAoDHCG1777QbvyPIF,Charged and settled; diagnostic or fixture only,000001.receipt.json,c12916c328552337f3761845425093ece52f2dc3660f75eca1185f500f320603
37,setup,58190ca5-bbed-41b4-b183-0e83a732afa7,gen-1789828290-9znURMAFotEn4BjyqZdb,setup-native-terminus-2-netcupv5,2,3,Harness fixtures,Terminus-2 integration fixture,Requalify model and tool integration after the Debian package-source repair. Call 2 of 3.,project documentation and named fixture result,Netcup native Linux,NETCUP.md migration and native runtime records,0.00005016,settled,,2026-09-19T14:31:30.677Z,provider receipt creation time,962,86,"provider-native tokens, including reasoning in output",Receipt matched to generation ID and exact ledger charge,req-1789828290-G3BGbuxbxukRDv6ePMsD,Charged and settled; diagnostic or fixture only,000002.receipt.json,4ce07f6ce2355f228c9eec917def2c09fe122c5c7284af618f93ca2e11d36a12
38,setup,cee17b4d-2b70-471a-9a90-7141fc32ce17,gen-1789828294-E8ikmjkCUf8ZxmLGO3Xh,setup-native-terminus-2-netcupv5,3,3,Harness fixtures,Terminus-2 integration fixture,Requalify model and tool integration after the Debian package-source repair. Call 3 of 3.,project documentation and named fixture result,Netcup native Linux,NETCUP.md migration and native runtime records,0.00004842,settled,,2026-09-19T14:31:34.81Z,provider receipt creation time,1104,93,"provider-native tokens, including reasoning in output",Receipt matched to generation ID and exact ledger charge,req-1789828294-A12A69SdE81MBcawGhxb,Charged and settled; diagnostic or fixture only,000003.receipt.json,b3fa9961a2daacb52f8b3d441b1a73399bf17a8ee3b704572471898c67d2a9b8
39,setup,f084ead7-484f-45bd-9f40-8b66eb50d3c9,gen-1789828496-PJRxiJ8sFvJmYYlccdIY,setup-native-openhands-netcupv5,1,2,Harness fixtures,OpenHands integration fixture,Requalify model and tool integration after the Debian package-source repair. Call 1 of 2.,project documentation and named fixture result,Netcup native Linux,NETCUP.md migration and native runtime records,0.00041874,settled,,2026-09-19T14:34:56.683Z,provider receipt creation time,6601,126,"provider-native tokens, including reasoning in output",Receipt matched to generation ID and exact ledger charge,req-1789828496-brFaNnO5Qslx9cwP2OfC,Charged and settled; diagnostic or fixture only,000001.receipt.json,89d581b9004edd4fb4fe81001f299d25ef935da79ccc7520cb82309e8a934ec1
40,setup,b4a2cd0d-751b-436e-8a9d-c2db39699e92,gen-1789828500-9lDozwdjmjbotusHvDzZ,setup-native-openhands-netcupv5,2,2,Harness fixtures,OpenHands integration fixture,Requalify model and tool integration after the Debian package-source repair. Call 2 of 2.,project documentation and named fixture result,Netcup native Linux,NETCUP.md migration and native runtime records,0.00013518,settled,,2026-09-19T14:35:00.332Z,provider receipt creation time,6756,99,"provider-native tokens, including reasoning in output",Receipt matched to generation ID and exact ledger charge,req-1789828500-MyTf9EyP8FkP7iOZvBWJ,Charged and settled; diagnostic or fixture only,000002.receipt.json,62ef49e660314d98d26f43387f9103c6f24fe0551619c3d5c7102c9141217a37
41,setup,8b43f1b7-ef5d-436a-bef6-2e5ac1477c9b,gen-1789828582-HnsE8dNq57HnueJFcRRF,setup-native-custom-netcupv5,1,2,Harness fixtures,Custom agent integration fixture,Requalify model and tool integration after the Debian package-source repair. Call 1 of 2.,project documentation and named fixture result,Netcup native Linux,NETCUP.md migration and native runtime records,0.00020418,settled,,2026-09-19T14:36:22.759Z,provider receipt creation time,3106,99,"provider-native tokens, including reasoning in output",Receipt matched to generation ID and exact ledger charge,req-1789828582-FbvGUe2oJwpwI2O8pbr3,Charged and settled; diagnostic or fixture only,000001.receipt.json,df7933dc8ae4ac4dc39046436921204daa488298f8197071a7d6c70d71b4065e
42,setup,64a35320-3c66-4b99-82a0-22047caf66ac,gen-1789828586-w3c89CeIWXsg2rkdGVN6,setup-native-custom-netcupv5,2,2,Harness fixtures,Custom agent integration fixture,Requalify model and tool integration after the Debian package-source repair. Call 2 of 2.,project documentation and named fixture result,Netcup native Linux,NETCUP.md migration and native runtime records,0.00008916,settled,,2026-09-19T14:36:26.754Z,provider receipt creation time,3208,130,"provider-native tokens, including reasoning in output",Receipt matched to generation ID and exact ledger charge,req-1789828586-vTQr9BxROO6AATkyodeE,Charged and settled; diagnostic or fixture only,000002.receipt.json,e1c7b6f7a0151eef91faf1009720fe470e9b7053bde9f6b07707fd248bad4e87
43,setup,3dbe225d-a499-4e48-8a26-4f7724ecbcdc,gen-1789863276-fGTzcAnt0807SwUyEQCt,setup-native-endpoint-recheck-20260920a,1,1,Connectivity,Endpoint recheck,Verify the key and endpoint respond after the benchmark interruption.,diagnostic-purpose and endpoint result records,Netcup native Linux,README.md historical Mac execution journal,0.00000918,settled,,2026-09-20T00:14:36.005Z,provider receipt creation time,93,20,"provider-native tokens, including reasoning in output",Receipt matched to generation ID and exact ledger charge,req-1789863276-RCqnml9vKZvkRqxKK0DB,Charged and settled; diagnostic or fixture only,000001.receipt.json,5795612384bc15196590400bb96e7d356fced3d7d45c5c4d1454124e282e40b5
44,scored,086704f4-8d00-40b8-b400-3284fdeb0af3,gen-1789828749-tkNrgh9lhqdj66lg1HqG,dev-terminus-2-00-video-processing,1,3,Real benchmark attempt,Terminus-2: video processing,Work on the first selected development benchmark task. Call 1 of 3.,trial result and billing interruption records,Netcup native Linux,NETCUP.md migration and native runtime records,0.00014982,settled,,2026-09-19T14:39:09.407Z,provider receipt creation time,1030,489,"provider-native tokens, including reasoning in output",Receipt matched to generation ID and exact ledger charge,req-1789828749-uozm7nIN31Hd4UURIkaU,Charged request; overall trial later stopped with unresolved billing,000001.receipt.json,80e7eaa4b8c881362f462e53196de26b6e4964c6b8615e08e5f138f720ae0306
45,scored,b79fcc70-748c-4726-b66e-9d20cf012482,gen-1789828759-u4JNkd8GOr1sjV7kuN6w,dev-terminus-2-00-video-processing,2,3,Real benchmark attempt,Terminus-2: video processing,Work on the first selected development benchmark task. Call 2 of 3.,trial result and billing interruption records,Netcup native Linux,NETCUP.md migration and native runtime records,0.00022464,settled,,2026-09-19T14:39:19.647Z,provider receipt creation time,1548,924,"provider-native tokens, including reasoning in output",Receipt matched to generation ID and exact ledger charge,req-1789828759-hiPWBc2lwmzvNhUcGN4j,Charged request; overall trial later stopped with unresolved billing,000002.receipt.json,32b5686229a18539fbb64ede7634e2cad04e3702566b15a421fbdc73939c7676
46,scored,03d8ac6c-f2c8-4e3a-9781-be9c8ddadf9f,,dev-terminus-2-00-video-processing,3,3,Real benchmark attempt,Terminus-2: video processing,Work on the first selected development benchmark task. Call 3 of 3.,trial result and billing interruption records,Netcup native Linux,NETCUP.md migration and native runtime records,,pending,0.106496,2026-09-19T14:39:46.471+00:00,local request timing start,,,,Unresolved: no generation ID or receipt,,Transport/API error; no usable response; charge unknown; original request not replayed,000003.timing.json,0d35bb583c59b5499eb7a25b92c24b56a7f6c8b5c02a10c860eb4ab8441d19ba
