task,harness,harness_version,model,reward,passed,duration_sec,input_tokens,output_tokens,cost_usd,exception,trial_dir
build-pmars,bash-react-v0,0.2.2,qwen2.5-coder-14b-awq,,False,237.4,,,,RuntimeError,build-pmars__HtLZHu6
code-from-image,bash-react-v0,0.2.2,qwen2.5-coder-14b-awq,0.0,False,95.1,21299,483,,,code-from-image__w2f2rjf
configure-git-webserver,bash-react-v0,0.2.2,qwen2.5-coder-14b-awq,0.0,False,126.7,64094,1370,,,configure-git-webserver__BDqNoRM
constraints-scheduling,bash-react-v0,0.2.2,qwen2.5-coder-14b-awq,0.0,False,78.3,13295,1551,,,constraints-scheduling__gkTFXuX
custom-memory-heap-crash,bash-react-v0,0.2.2,qwen2.5-coder-14b-awq,,False,176.0,,,,RuntimeError,custom-memory-heap-crash__tPFEjRf
feal-linear-cryptanalysis,bash-react-v0,0.2.2,qwen2.5-coder-14b-awq,0.0,False,39.9,11350,793,,,feal-linear-cryptanalysis__pwZHGiM
feal-linear-cryptanalysis,bash-react-v0,0.2.2,qwen2.5-coder-14b-awq,,False,12.6,,,,APIConnectionError,feal-linear-cryptanalysis__mzWCoJE
financial-document-processor,bash-react-v0,0.2.2,qwen2.5-coder-14b-awq,0.0,False,91.5,10534,966,,,financial-document-processor__MWZpkUx
financial-document-processor,bash-react-v0,0.2.2,qwen2.5-coder-14b-awq,,False,12.7,,,,APIConnectionError,financial-document-processor__vRzZGkL
fix-code-vulnerability,bash-react-v0,0.2.2,qwen2.5-coder-14b-awq,0.0,False,104.8,84027,2579,,,fix-code-vulnerability__de8NHSp
fix-git,bash-react-v0,0.2.2,qwen2.5-coder-14b-awq,0.0,False,51.3,30194,1064,,,fix-git__tRSxaD5
fix-git,bash-react-v0,0.2.2,qwen2.5-coder-14b-awq,,False,12.3,,,,APIConnectionError,fix-git__MFTuDFr
gcode-to-text,bash-react-v0,0.2.2,qwen2.5-coder-14b-awq,0.0,False,52.5,23597,1321,,,gcode-to-text__qYy88kP
headless-terminal,bash-react-v0,0.2.2,qwen2.5-coder-14b-awq,0.0,False,210.6,2168,408,,,headless-terminal__vp9coKf
nginx-request-logging,bash-react-v0,0.2.2,qwen2.5-coder-14b-awq,0.0,False,262.3,126814,5891,,,nginx-request-logging__Rq8yHew
openssl-selfsigned-cert,bash-react-v0,0.2.2,qwen2.5-coder-14b-awq,0.0,False,57.1,9662,482,,,openssl-selfsigned-cert__ftGckcW
path-tracing,bash-react-v0,0.2.2,qwen2.5-coder-14b-awq,0.0,False,135.4,49903,3300,,,path-tracing__NZYo6em
pypi-server,bash-react-v0,0.2.2,qwen2.5-coder-14b-awq,,False,248.9,,,,BadRequestError,pypi-server__wSFXmaw
pypi-server,bash-react-v0,0.2.2,qwen2.5-coder-14b-awq,,False,12.3,,,,APIConnectionError,pypi-server__kkpQdQx
reshard-c4-data,bash-react-v0,0.2.2,qwen2.5-coder-14b-awq,0.0,False,197.3,57419,1523,,,reshard-c4-data__SJg79yt
sam-cell-seg,bash-react-v0,0.2.2,qwen2.5-coder-14b-awq,0.0,False,441.4,87113,7579,,,sam-cell-seg__iGv8tFy
sparql-university,bash-react-v0,0.2.2,qwen2.5-coder-14b-awq,0.0,False,42.0,1395,381,,,sparql-university__sTjLavM
sparql-university,bash-react-v0,0.2.2,qwen2.5-coder-14b-awq,,False,12.5,,,,APIConnectionError,sparql-university__mz4Hh8V
sqlite-db-truncate,bash-react-v0,0.2.2,qwen2.5-coder-14b-awq,0.0,False,196.6,71039,1604,,,sqlite-db-truncate__xSSWg4i
sqlite-db-truncate,bash-react-v0,0.2.2,qwen2.5-coder-14b-awq,,False,13.1,,,,APIConnectionError,sqlite-db-truncate__SQkkaDZ
torch-pipeline-parallelism,bash-react-v0,0.2.2,qwen2.5-coder-14b-awq,0.0,False,721.0,5673,1238,,,torch-pipeline-parallelism__J33Ynmb
write-compressor,bash-react-v0,0.2.2,qwen2.5-coder-14b-awq,0.0,False,76.2,29435,1526,,,write-compressor__wMaDykX
