task,harness,reward,passed,exception,input_tokens,output_tokens
build-pmars,bash-react-v0,,False,RuntimeError,,
code-from-image,bash-react-v0,0.0,False,,21299,483
configure-git-webserver,bash-react-v0,0.0,False,,64094,1370
constraints-scheduling,bash-react-v0,0.0,False,,13295,1551
custom-memory-heap-crash,bash-react-v0,,False,RuntimeError,,
feal-linear-cryptanalysis,bash-react-v0,0.0,False,,11350,793
financial-document-processor,bash-react-v0,0.0,False,,10534,966
fix-code-vulnerability,bash-react-v0,0.0,False,,84027,2579
fix-git,bash-react-v0,0.0,False,,30194,1064
gcode-to-text,bash-react-v0,0.0,False,,23597,1321
headless-terminal,bash-react-v0,0.0,False,,2168,408
nginx-request-logging,bash-react-v0,0.0,False,,126814,5891
openssl-selfsigned-cert,bash-react-v0,0.0,False,,9662,482
path-tracing,bash-react-v0,0.0,False,,49903,3300
pypi-server,bash-react-v0,,False,BadRequestError,,
reshard-c4-data,bash-react-v0,0.0,False,,57419,1523
sam-cell-seg,bash-react-v0,0.0,False,,87113,7579
sparql-university,bash-react-v0,0.0,False,,1395,381
sqlite-db-truncate,bash-react-v0,0.0,False,,71039,1604
torch-pipeline-parallelism,bash-react-v0,0.0,False,,5673,1238
write-compressor,bash-react-v0,0.0,False,,29435,1526
